<?xml version="1.0" encoding="utf-8"?><!--
Autogenerated xml file - Version No:V_41_1_4_2_SVE
Generated date:2025-06-02 15:18:59
Cluster Name -Base
XML PICS -Ref Document:
version master 4923a8e36,
Draft
2025-06-02 11:30:42 +0530
--><generalPICS xmlns:xsi="http://www.w3.org/2001/XMLSchema-instance" xsi:noNamespaceSchemaLocation="Generic-PICS-XML-Schema.xsd">
	<!--Mcore PICS-->
	<name>Base</name>
	<pics label="Base Details">
		<picsItem>
			<itemNumber>MCORE.DT_SW_COMP</itemNumber>
			<feature>Is DUT Software Component?</feature>
			<reference>Matter Software Component Policy</reference>
			<status>O</status>
			<support>false</support>
		</picsItem>
		<picsItem>
			<itemNumber>MCORE.COM.BLE</itemNumber>
			<feature>Does the device support communication over Bluetooth Low Energy (BLE) ?</feature>
			<reference>5.1. Communication/Transport - index.html[pdf]</reference>
			<status>O</status>
			<support>true</support>
		</picsItem>
		<picsItem>
			<itemNumber>MCORE.COM.WIFI_2P4GHZ</itemNumber>
			<feature>Does the device support communication over 2.4GHz Wi-Fi ?</feature>
			<reference>5.1. Communication/Transport - index.html[pdf]</reference>
			<status>O</status>
			<support>true</support>
		</picsItem>
		<picsItem>
			<itemNumber>MCORE.COM.WIFI_5GHZ</itemNumber>
			<feature>Does the device support communication over 5GHz Wi-Fi ?</feature>
			<reference>5.1. Communication/Transport - index.html[pdf]</reference>
			<status>O</status>
			<support>false</support>
		</picsItem>
		<picsItem>
			<itemNumber>MCORE.COM.WIFI</itemNumber>
			<feature>Does the device support communication over Wi-Fi ?</feature>
			<reference>5.1. Communication/Transport - index.html[pdf]</reference>
			<status cond="MCORE.COM.WIFI_2P4GHZ">M</status>
			<support>true</support>
		</picsItem>
		<picsItem>
			<itemNumber>MCORE.COM.ETH</itemNumber>
			<feature>Does the device support communication over Ethernet ?</feature>
			<reference>5.1. Communication/Transport - index.html[pdf]</reference>
			<status>O</status>
			<support>false</support>
		</picsItem>
		<picsItem>
			<itemNumber>MCORE.COM.THR</itemNumber>
			<feature>Does the device support communication over Thread ?</feature>
			<reference>5.1. Communication/Transport - index.html[pdf]</reference>
			<status>O</status>
			<support>false</support>
		</picsItem>
		<picsItem>
			<itemNumber>MCORE.COM.WIRELESS</itemNumber>
			<feature>Does the device support Wi-Fi or Thread interfaces communication ?</feature>
			<reference>5.1. Communication/Transport - index.html[pdf]</reference>
			<status cond="MCORE.COM.WIFI">M</status>
			<status cond=" MCORE.COM.THR">M</status>
			<support>true</support>
		</picsItem>
		<picsItem>
			<itemNumber>MCORE.ROLE.COMMISSIONER</itemNumber>
			<feature>Does the device implement a Commissioner ?</feature>
			<reference>5.2. Role - index.html[pdf]</reference>
			<status>O</status>
			<support>false</support>
		</picsItem>
		<picsItem>
			<itemNumber>MCORE.ROLE.COMMISSIONEE</itemNumber>
			<feature>Does the device implement a Commissionee ?</feature>
			<reference>5.2. Role - index.html[pdf]</reference>
			<status>O</status>
			<support>true</support>
		</picsItem>
		<picsItem>
			<itemNumber>MCORE.ROLE.CONTROLLER</itemNumber>
			<feature>Does the device implement a Controller ?</feature>
			<reference>5.2. Role - index.html[pdf]</reference>
			<status>O</status>
			<support>false</support>
		</picsItem>
		<picsItem>
			<itemNumber>MCORE.DLOG.S.UTCTIMESTAMP</itemNumber>
			<feature>Does the device support UTCTimeStamp field in the RetrieveLogsResponse Command of the Diagnostic Logs Cluster?</feature>
			<reference>5.3. Device Management - index.html[pdf]</reference>
			<status>O</status>
			<support>false</support>
		</picsItem>
		<picsItem>
			<itemNumber>MCORE.DLOG.S.TIMESINCEBOOT</itemNumber>
			<feature>Does the device support TimeSinceBoot field in the RetrieveLogsResponse Command of the Diagnostic Logs Cluster?</feature>
			<reference>5.3. Device Management - index.html[pdf]</reference>
			<status>O</status>
			<support>false</support>
		</picsItem>
		<picsItem>
			<itemNumber>MCORE.DD.CHIP_DEV</itemNumber>
			<feature>Does the commissionee device only function within a Matter network?</feature>
			<reference>9. PICS Definition - index.html[pdf]</reference>
			<status>O</status>
			<support>false</support>
		</picsItem>
		<picsItem>
			<itemNumber>MCORE.DD.DEV_LOCK</itemNumber>
			<feature>Is the commissionee device a lock device?</feature>
			<reference>9. PICS Definition - index.html[pdf]</reference>
			<status>O</status>
			<support>false</support>
		</picsItem>
		<picsItem>
			<itemNumber>MCORE.DD.DEV_BARRIER</itemNumber>
			<feature>Is the commissionee device a barrier access device?</feature>
			<reference>9. PICS Definition - index.html[pdf]</reference>
			<status>O</status>
			<support>false</support>
		</picsItem>
		<picsItem>
			<itemNumber>MCORE.DD.IE</itemNumber>
			<feature>Does the commissionee device have a vendor specific information element (IE)?</feature>
			<reference>9. PICS Definition - index.html[pdf]</reference>
			<status cond="MCORE.DD.DISCOVERY_SOFTAP">O</status>
			<support>false</support>
		</picsItem>
		<picsItem>
			<itemNumber>MCORE.DD.QR</itemNumber>
			<feature>Does the commissionee device or device packaging have a QR code based onboarding payload?</feature>
			<reference>9. PICS Definition - index.html[pdf]</reference>
			<status cond="MCORE.DD.CONCATENATED_QR_CODE">M</status>
			<support>false</support>
		</picsItem>
		<picsItem>
			<itemNumber>MCORE.DD.MANUAL_PC</itemNumber>
			<feature>Does the commissionee device or device packaging have a Manual Pairing Code?</feature>
			<reference>9. PICS Definition - index.html[pdf]</reference>
			<status>O</status>
			<support>true</support>
		</picsItem>
		<picsItem>
			<itemNumber>MCORE.DD.NFC</itemNumber>
			<feature>Does the commissionee device have a NFC tag containing the onboarding payload?</feature>
			<reference>9. PICS Definition - index.html[pdf]</reference>
			<status>O</status>
			<support>false</support>
		</picsItem>
		<picsItem>
			<itemNumber>MCORE.DD.UI</itemNumber>
			<feature>Does the DUT support user interface?</feature>
			<reference>9. PICS Definition - index.html[pdf]</reference>
			<status>O</status>
			<support>false</support>
		</picsItem>
		<picsItem>
			<itemNumber>MCORE.DD.COMM_DISCOVERY</itemNumber>
			<feature>Does the DUT support Commissioner Discovery?</feature>
			<reference>9. PICS Definition - index.html[pdf]</reference>
			<status>O</status>
			<support>false</support>
		</picsItem>
		<picsItem>
			<itemNumber>MCORE.DD.CONCATENATED_QR_CODE</itemNumber>
			<feature>Does the commissionee device’s Onboarding Payload contain concatenated QR codes?</feature>
			<reference>9. PICS Definition - index.html[pdf]</reference>
			<status>O</status>
			<support>false</support>
		</picsItem>
		<picsItem>
			<itemNumber>MCORE.DD.CTRL_CONCATENATED_QR_CODE_1</itemNumber>
			<feature>Does the commissioner support scanning and processing concatenated QR codes?</feature>
			<reference>9. PICS Definition - index.html[pdf]</reference>
			<status cond="MCORE.DD.CTRL_CONCATENATED_QR_CODE_1_INORDER">M</status>
			<support>false</support>
		</picsItem>
		<picsItem>
			<itemNumber>MCORE.DD.CTRL_CONCATENATED_QR_CODE_1_INORDER</itemNumber>
			<feature>Does the commissioner support processing devices in the order as indicated in the concatenated QR codes?</feature>
			<reference>9. PICS Definition - index.html[pdf]</reference>
			<status>O</status>
			<support>false</support>
		</picsItem>
		<picsItem>
			<itemNumber>MCORE.DD.CTRL_CONCATENATED_QR_CODE_2</itemNumber>
			<feature>Does the commissioner support indicating to user the need to commission devices one by one for concatenated QR codes?</feature>
			<reference>9. PICS Definition - index.html[pdf]</reference>
			<status>O</status>
			<support>false</support>
		</picsItem>
		<picsItem>
			<itemNumber>MCORE.DD.DISCOVERY_BLE</itemNumber>
			<feature>Does the commissioner support Discovery Capability over BLE?</feature>
			<reference>9. PICS Definition - index.html[pdf]</reference>
			<status cond="MCORE.ROLE.COMMISSIONER  AND  MCORE.COM.BLE">M</status>
			<support>false</support>
		</picsItem>
		<picsItem>
			<itemNumber>MCORE.DD.DISCOVERY_PAF</itemNumber>
			<feature>Does the commissioner or device support Discovery Capability over Wi-Fi PAF?</feature>
			<reference>9. PICS Definition - index.html[pdf]</reference>
			<status>O</status>
			<support>false</support>
		</picsItem>
		<picsItem>
			<itemNumber>MCORE.DD.DISCOVERY_IP</itemNumber>
			<feature>Does the commissioner support Discovery Capability over IP Network?</feature>
			<reference>9. PICS Definition - index.html[pdf]</reference>
			<status cond="MCORE.ROLE.COMMISSIONER">M</status>
			<support>false</support>
		</picsItem>
		<picsItem>
			<itemNumber>MCORE.DD.DISCOVERY_SOFTAP</itemNumber>
			<feature>Does the commissioner support Discovery Capability over SoftAP?</feature>
			<reference>9. PICS Definition - index.html[pdf]</reference>
			<status>O</status>
			<support>false</support>
		</picsItem>
		<picsItem>
			<itemNumber>MCORE.DD.STANDARD_COMM_FLOW</itemNumber>
			<feature>Does the DUT support Standard Commissioning Flow?</feature>
			<reference>9. PICS Definition - index.html[pdf]</reference>
			<status cond="MCORE.DD.11_MANUAL_PC">M</status>
			<support>true</support>
		</picsItem>
		<picsItem>
			<itemNumber>MCORE.DD.NON_CONCURRENT_CONNECTION</itemNumber>
			<feature>Does the commissionee require Non-concurrent connection commissioning flow?</feature>
			<reference>9. PICS Definition - index.html[pdf]</reference>
			<status>O</status>
			<support>false</support>
		</picsItem>
		<picsItem>
			<itemNumber>MCORE.DD.USER_INTENT_COMM_FLOW</itemNumber>
			<feature>Does the DUT support User-Intent Commissioning Flow?</feature>
			<reference>9. PICS Definition - index.html[pdf]</reference>
			<status>O</status>
			<support>false</support>
		</picsItem>
		<picsItem>
			<itemNumber>MCORE.DD.CUSTOM_COMM_FLOW</itemNumber>
			<feature>Does the DUT support Custom Commissioning Flow?</feature>
			<reference>9. PICS Definition - index.html[pdf]</reference>
			<status>O</status>
			<support>false</support>
		</picsItem>
		<picsItem>
			<itemNumber>MCORE.DD.MANUAL_PC_COMMISSIONING</itemNumber>
			<feature>Does the commissioner support accepting a Manual Pairing Code for commissioning?</feature>
			<reference>9. PICS Definition - index.html[pdf]</reference>
			<status>O</status>
			<support>false</support>
		</picsItem>
		<picsItem>
			<itemNumber>MCORE.DD.11_MANUAL_PC</itemNumber>
			<feature>Does the commissioner support accepting an 11-digit Manual Pairing Code for commissioning?</feature>
			<reference>9. PICS Definition - index.html[pdf]</reference>
			<status>O</status>
			<support>true</support>
		</picsItem>
		<picsItem>
			<itemNumber>MCORE.DD.21_MANUAL_PC</itemNumber>
			<feature>Does the commissioner support accepting a 21-digit Manual Pairing Code for commissioning?</feature>
			<reference>9. PICS Definition - index.html[pdf]</reference>
			<status>O</status>
			<support>false</support>
		</picsItem>
		<picsItem>
			<itemNumber>MCORE.DD.PHYSICAL_TAMPERING</itemNumber>
			<feature>Is commissionee device subject to physical tampering (doorbell, camera, door lock, designed for outdoor usage)?</feature>
			<reference>9. PICS Definition - index.html[pdf]</reference>
			<status>O</status>
			<support>false</support>
		</picsItem>
		<picsItem>
			<itemNumber>MCORE.DD.SCAN_NFC</itemNumber>
			<feature>Does the commissioner support scanning NFC tags containing the onboarding payload?</feature>
			<reference>9. PICS Definition - index.html[pdf]</reference>
			<status>O</status>
			<support>false</support>
		</picsItem>
		<picsItem>
			<itemNumber>MCORE.DD.QR_COMMISSIONING</itemNumber>
			<feature>Does the commissioner support accepting a QR code for commissioning?</feature>
			<reference>9. PICS Definition - index.html[pdf]</reference>
			<status>O</status>
			<support>false</support>
		</picsItem>
		<picsItem>
			<itemNumber>MCORE.DD.SCAN_QR_CODE</itemNumber>
			<feature>Does the commissioner support scanning QR codes containing the onboarding payload?</feature>
			<reference>9. PICS Definition - index.html[pdf]</reference>
			<status>O</status>
			<support>false</support>
		</picsItem>
		<picsItem>
			<itemNumber>MCORE.DD.EXTENDED_DISCOVERY</itemNumber>
			<feature>Does the commissionee device support Extended Discovery through DNS-SD advertisements when device is not in commissioning mode?</feature>
			<reference>9. PICS Definition - index.html[pdf]</reference>
			<status>O</status>
			<support>false</support>
		</picsItem>
		<picsItem>
			<itemNumber>MCORE.DD.COMMISSIONING_SUBTYPE_V</itemNumber>
			<feature>Does the commissionee device support advertising the Vendor ID Commissioning Subtype in Commissionable Node Discovery through DNS-SD advertisements?</feature>
			<reference>9. PICS Definition - index.html[pdf]</reference>
			<status>O</status>
			<support>false</support>
		</picsItem>
		<picsItem>
			<itemNumber>MCORE.DD.COMMISSIONING_SUBTYPE_T</itemNumber>
			<feature>Does the commissionee device support advertising the Device Type Commissioning Subtype in Commissionable Node Discovery through DNS-SD advertisements?</feature>
			<reference>9. PICS Definition - index.html[pdf]</reference>
			<status>O</status>
			<support>false</support>
		</picsItem>
		<picsItem>
			<itemNumber>MCORE.DD.TXT_KEY_VP</itemNumber>
			<feature>Does the commissionee device support TXT Key 'VP' (Vendor ID / Product ID) in it’s DNS-SD TXT Records for Commissionable Node Discovery?</feature>
			<reference>9. PICS Definition - index.html[pdf]</reference>
			<status>O</status>
			<support>false</support>
		</picsItem>
		<picsItem>
			<itemNumber>MCORE.DD.TXT_KEY_DT</itemNumber>
			<feature>Does the commissionee device support TXT Key 'DT' (Device Type) in it’s DNS-SD TXT Records for Commissionable Node Discovery?</feature>
			<reference>9. PICS Definition - index.html[pdf]</reference>
			<status>O</status>
			<support>false</support>
		</picsItem>
		<picsItem>
			<itemNumber>MCORE.DD.TXT_KEY_DN</itemNumber>
			<feature>Does the commissionee device support TXT Key 'DN' (Device Name) in it’s DNS-SD TXT Records for Commissionable Node Discovery?</feature>
			<reference>9. PICS Definition - index.html[pdf]</reference>
			<status>O</status>
			<support>false</support>
		</picsItem>
		<picsItem>
			<itemNumber>MCORE.DD.TXT_KEY_RI</itemNumber>
			<feature>Does the commissionee device support TXT Key 'RI' (Rotating Identifier) in it’s DNS-SD TXT Records for Commissionable Node Discovery?</feature>
			<reference>9. PICS Definition - index.html[pdf]</reference>
			<status>O</status>
			<support>false</support>
		</picsItem>
		<picsItem>
			<itemNumber>MCORE.DD.TXT_KEY_PH</itemNumber>
			<feature>Does the commissionee device support TXT Key 'PH' (Pairing Hint) in it’s DNS-SD TXT Records for Commissionable Node Discovery?</feature>
			<reference>9. PICS Definition - index.html[pdf]</reference>
			<status>O</status>
			<support>false</support>
		</picsItem>
		<picsItem>
			<itemNumber>MCORE.DD.TXT_KEY_PI</itemNumber>
			<feature>Does the commissionee device support TXT Key 'PI' (Pairing Instruction) in it’s DNS-SD TXT Records for Commissionable Node Discovery?</feature>
			<reference>9. PICS Definition - index.html[pdf]</reference>
			<status>O</status>
			<support>false</support>
		</picsItem>
		<picsItem>
			<itemNumber>MCORE.COM.PAF</itemNumber>
			<feature>Does the commissioner or the device support Commissioning over Wi-Fi PAF?</feature>
			<reference>9. PICS Definition - index.html[pdf]</reference>
			<status cond="MCORE.COM.WIFI &amp; MCORE.DD.DISCOVERY_PAF">M</status>
			<support>false</support>
		</picsItem>
		<picsItem>
			<itemNumber>MCORE.DD.ESF_TC_COMMISSIONER</itemNumber>
			<feature>Does the commissionee support Enhanced Setup Flow Terms and Conditions?</feature>
			<reference>9. PICS Definition - index.html[pdf]</reference>
			<status>O</status>
			<support>false</support>
		</picsItem>
		<picsItem>
			<itemNumber>MCORE.SC.VENDOR_SUBTYPE</itemNumber>
			<feature>Does device support optional subtype _V in commissionable node discovery mDNS?</feature>
			<reference>23. PICS Definition - index.html[pdf]</reference>
			<status>O</status>
			<support>false</support>
		</picsItem>
		<picsItem>
			<itemNumber>MCORE.SC.DEVTYPE_SUBTYPE</itemNumber>
			<feature>Does device support optional subtype _T in commissionable node discovery mDNS?</feature>
			<reference>23. PICS Definition - index.html[pdf]</reference>
			<status>O</status>
			<support>false</support>
		</picsItem>
		<picsItem>
			<itemNumber>MCORE.SC.VP_KEY</itemNumber>
			<feature>Does device support optional key VP in commissionable node discovery mDNS?</feature>
			<reference>23. PICS Definition - index.html[pdf]</reference>
			<status>O</status>
			<support>false</support>
		</picsItem>
		<picsItem>
			<itemNumber>MCORE.SC.DT_KEY</itemNumber>
			<feature>Does device support optional key DT in commissionable node discovery mDNS?</feature>
			<reference>23. PICS Definition - index.html[pdf]</reference>
			<status>O</status>
			<support>false</support>
		</picsItem>
		<picsItem>
			<itemNumber>MCORE.SC.DN_KEY</itemNumber>
			<feature>Does device support optional key DN in commissionable node discovery mDNS?</feature>
			<reference>23. PICS Definition - index.html[pdf]</reference>
			<status>O</status>
			<support>false</support>
		</picsItem>
		<picsItem>
			<itemNumber>MCORE.SC.RI_KEY</itemNumber>
			<feature>Does device support optional key RI in commissionable node discovery mDNS?</feature>
			<reference>23. PICS Definition - index.html[pdf]</reference>
			<status>O</status>
			<support>false</support>
		</picsItem>
		<picsItem>
			<itemNumber>MCORE.SC.PH_KEY</itemNumber>
			<feature>Does device support optional key PH in commissionable node discovery mDNS?</feature>
			<reference>23. PICS Definition - index.html[pdf]</reference>
			<status>O</status>
			<support>false</support>
		</picsItem>
		<picsItem>
			<itemNumber>MCORE.SC.PI_KEY</itemNumber>
			<feature>Does device support optional key PI in commissionable node discovery mDNS?</feature>
			<reference>23. PICS Definition - index.html[pdf]</reference>
			<status>O</status>
			<support>false</support>
		</picsItem>
		<picsItem>
			<itemNumber>MCORE.SC.SII_OP_DISCOVERY_KEY</itemNumber>
			<feature>Does device support optional key SII in operational discovery mDNS?</feature>
			<reference>23. PICS Definition - index.html[pdf]</reference>
			<status>O</status>
			<support>false</support>
		</picsItem>
		<picsItem>
			<itemNumber>MCORE.SC.SAI_OP_DISCOVERY_KEY</itemNumber>
			<feature>Does device support optional key SAI in operational discovery mDNS?</feature>
			<reference>23. PICS Definition - index.html[pdf]</reference>
			<status>O</status>
			<support>false</support>
		</picsItem>
		<picsItem>
			<itemNumber>MCORE.SC.SAT_OP_DISCOVERY_KEY</itemNumber>
			<feature>Does device support optional key SAT in operational discovery mDNS?</feature>
			<reference>23. PICS Definition - index.html[pdf]</reference>
			<status>O</status>
			<support>false</support>
		</picsItem>
		<picsItem>
			<itemNumber>MCORE.SC.T_KEY</itemNumber>
			<feature>Does device support optional key T in operational discovery mDNS?</feature>
			<reference>23. PICS Definition - index.html[pdf]</reference>
			<status>O</status>
			<support>false</support>
		</picsItem>
		<picsItem>
			<itemNumber>MCORE.SC.SII_COMM_DISCOVERY_KEY</itemNumber>
			<feature>Does device support optional key SII in commissionable node discovery mDNS?</feature>
			<reference>23. PICS Definition - index.html[pdf]</reference>
			<status>O</status>
			<support>false</support>
		</picsItem>
		<picsItem>
			<itemNumber>MCORE.SC.SAI_COMM_DISCOVERY_KEY</itemNumber>
			<feature>Does device support optional key SAI in commissionable node discovery mDNS?</feature>
			<reference>23. PICS Definition - index.html[pdf]</reference>
			<status>O</status>
			<support>false</support>
		</picsItem>
		<picsItem>
			<itemNumber>MCORE.SC.EXTENDED_DISCOVERY</itemNumber>
			<feature>Does device support Extended Discovery for Commissionable Node Discovery?</feature>
			<reference>23. PICS Definition - index.html[pdf]</reference>
			<status>O</status>
			<support>false</support>
		</picsItem>
		<picsItem>
			<itemNumber>MCORE.SC.SIT_ICD</itemNumber>
			<feature>Is the device a Short Idle Time ICD?</feature>
			<reference>23. PICS Definition - index.html[pdf]</reference>
			<status>O</status>
			<support>false</support>
		</picsItem>
		<picsItem>
			<itemNumber>MCORE.SC.TCP</itemNumber>
			<feature>Does Device support TCP?</feature>
			<reference>23. PICS Definition - index.html[pdf]</reference>
			<status>O</status>
			<support>false</support>
		</picsItem>
		<picsItem>
			<itemNumber>MCORE.IDM.S</itemNumber>
			<feature>Is the device a Server</feature>
			<reference>32. PICS Definition - index.html[pdf]</reference>
			<status>O</status>
			<support>true</support>
		</picsItem>
		<picsItem>
			<itemNumber>MCORE.IDM.C</itemNumber>
			<feature>Is the device a Client</feature>
			<reference>32. PICS Definition - index.html[pdf]</reference>
			<status>O</status>
			<support>false</support>
		</picsItem>
		<picsItem>
			<itemNumber>MCORE.IDM.C.InvokeRequest</itemNumber>
			<feature>Is the device a Client and Supports sending a Invoke Request Message</feature>
			<reference>32. PICS Definition - index.html[pdf]</reference>
			<status>O</status>
			<support>false</support>
		</picsItem>
		<picsItem>
			<itemNumber>MCORE.IDM.C.ReadRequest</itemNumber>
			<feature>Is the device a Client and Supports sending a Read Request Message</feature>
			<reference>32. PICS Definition - index.html[pdf]</reference>
			<status>O</status>
			<support>false</support>
		</picsItem>
		<picsItem>
			<itemNumber>MCORE.IDM.C.WriteRequest</itemNumber>
			<feature>Is the device a Client and Supports sending a Write Request Message</feature>
			<reference>32. PICS Definition - index.html[pdf]</reference>
			<status>O</status>
			<support>false</support>
		</picsItem>
		<picsItem>
			<itemNumber>MCORE.IDM.C.SubscribeRequest</itemNumber>
			<feature>Is the device a Client and Supports sending a Subscribe Request Message</feature>
			<reference>32. PICS Definition - index.html[pdf]</reference>
			<status>O</status>
			<support>false</support>
		</picsItem>
		<picsItem>
			<itemNumber>MCORE.IDM.C.InvokeRequest.BatchCommands</itemNumber>
			<feature>Is the device a Client and Supports sending multiple commands batched into a single Invoke Request Message</feature>
			<reference>32. PICS Definition - index.html[pdf]</reference>
			<status>O</status>
			<support>false</support>
		</picsItem>
		<picsItem>
			<itemNumber>MCORE.IDM.C.ReadRequest.Attribute.DataType_Bool</itemNumber>
			<feature>Is the device a Client and supports Reading an attribute of DataType Bool</feature>
			<reference>32. PICS Definition - index.html[pdf]</reference>
			<status>O</status>
			<support>false</support>
		</picsItem>
		<picsItem>
			<itemNumber>MCORE.IDM.C.ReadRequest.Attribute.DataType_String</itemNumber>
			<feature>Is the device a Client and supports Reading an attribute of DataType String</feature>
			<reference>32. PICS Definition - index.html[pdf]</reference>
			<status>O</status>
			<support>false</support>
		</picsItem>
		<picsItem>
			<itemNumber>MCORE.IDM.C.ReadRequest.Attribute.DataType_UnsignedInteger</itemNumber>
			<feature>Is the device a Client and supports Reading an attribute of DataType Unsigned Integer</feature>
			<reference>32. PICS Definition - index.html[pdf]</reference>
			<status>O</status>
			<support>false</support>
		</picsItem>
		<picsItem>
			<itemNumber>MCORE.IDM.C.ReadRequest.Attribute.DataType_SignedInteger</itemNumber>
			<feature>Is the device a Client and supports Reading an attribute of DataType Signed Integer</feature>
			<reference>32. PICS Definition - index.html[pdf]</reference>
			<status>O</status>
			<support>false</support>
		</picsItem>
		<picsItem>
			<itemNumber>MCORE.IDM.C.ReadRequest.Attribute.DataType_Struct</itemNumber>
			<feature>Is the device a Client and supports Reading an attribute of DataType Struct</feature>
			<reference>32. PICS Definition - index.html[pdf]</reference>
			<status>O</status>
			<support>false</support>
		</picsItem>
		<picsItem>
			<itemNumber>MCORE.IDM.C.ReadRequest.Attribute.DataType_FloatingPoint</itemNumber>
			<feature>Is the device a Client and supports Reading an attribute of DataType Floating Point</feature>
			<reference>32. PICS Definition - index.html[pdf]</reference>
			<status>O</status>
			<support>false</support>
		</picsItem>
		<picsItem>
			<itemNumber>MCORE.IDM.C.ReadRequest.Attribute.DataType_List</itemNumber>
			<feature>Is the device a Client and supports Reading an attribute of DataType List</feature>
			<reference>32. PICS Definition - index.html[pdf]</reference>
			<status>O</status>
			<support>false</support>
		</picsItem>
		<picsItem>
			<itemNumber>MCORE.IDM.C.ReadRequest.Attribute.DataType_OctetString</itemNumber>
			<feature>Is the device a Client and supports Reading an attribute of DataType Octet String</feature>
			<reference>32. PICS Definition - index.html[pdf]</reference>
			<status>O</status>
			<support>false</support>
		</picsItem>
		<picsItem>
			<itemNumber>MCORE.IDM.C.ReadRequest.Attribute.DataType_Enum</itemNumber>
			<feature>Is the device a Client and supports Reading an attribute of DataType Enum</feature>
			<reference>32. PICS Definition - index.html[pdf]</reference>
			<status>O</status>
			<support>false</support>
		</picsItem>
		<picsItem>
			<itemNumber>MCORE.IDM.C.ReadRequest.Attribute.DataType_Bitmap</itemNumber>
			<feature>Is the device a Client and supports Reading an attribute of DataType Bitmap</feature>
			<reference>32. PICS Definition - index.html[pdf]</reference>
			<status>O</status>
			<support>false</support>
		</picsItem>
		<picsItem>
			<itemNumber>MCORE.IDM.C.WriteRequest.Attribute.DataType_Bool</itemNumber>
			<feature>Is the device a Client and supports Writing an attribute of DataType Bool</feature>
			<reference>32. PICS Definition - index.html[pdf]</reference>
			<status>O</status>
			<support>false</support>
		</picsItem>
		<picsItem>
			<itemNumber>MCORE.IDM.C.WriteRequest.Attribute.DataType_String</itemNumber>
			<feature>Is the device a Client and supports Writing an attribute of DataType String</feature>
			<reference>32. PICS Definition - index.html[pdf]</reference>
			<status>O</status>
			<support>false</support>
		</picsItem>
		<picsItem>
			<itemNumber>MCORE.IDM.C.WriteRequest.Attribute.DataType_UnsignedInteger</itemNumber>
			<feature>Is the device a Client and supports Writing an attribute of DataType Unsigned Integer</feature>
			<reference>32. PICS Definition - index.html[pdf]</reference>
			<status>O</status>
			<support>false</support>
		</picsItem>
		<picsItem>
			<itemNumber>MCORE.IDM.C.WriteRequest.Attribute.DataType_SignedInteger</itemNumber>
			<feature>Is the device a Client and supports Writing an attribute of DataType Signed Integer</feature>
			<reference>32. PICS Definition - index.html[pdf]</reference>
			<status>O</status>
			<support>false</support>
		</picsItem>
		<picsItem>
			<itemNumber>MCORE.IDM.C.WriteRequest.Attribute.DataType_Struct</itemNumber>
			<feature>Is the device a Client and supports Writing an attribute of DataType Struct</feature>
			<reference>32. PICS Definition - index.html[pdf]</reference>
			<status>O</status>
			<support>false</support>
		</picsItem>
		<picsItem>
			<itemNumber>MCORE.IDM.C.WriteRequest.Attribute.DataType_FloatingPoint</itemNumber>
			<feature>Is the device a Client and supports Writing an attribute of DataType Floating Point</feature>
			<reference>32. PICS Definition - index.html[pdf]</reference>
			<status>O</status>
			<support>false</support>
		</picsItem>
		<picsItem>
			<itemNumber>MCORE.IDM.C.WriteRequest.Attribute.DataType_List</itemNumber>
			<feature>Is the device a Client and supports Writing an attribute of DataType List</feature>
			<reference>32. PICS Definition - index.html[pdf]</reference>
			<status>O</status>
			<support>false</support>
		</picsItem>
		<picsItem>
			<itemNumber>MCORE.IDM.C.WriteRequest.Attribute.DataType_OctetString</itemNumber>
			<feature>Is the device a Client and supports Writing an attribute of DataType Octet String</feature>
			<reference>32. PICS Definition - index.html[pdf]</reference>
			<status>O</status>
			<support>false</support>
		</picsItem>
		<picsItem>
			<itemNumber>MCORE.IDM.C.WriteRequest.Attribute.DataType_Enum</itemNumber>
			<feature>Is the device a Client and supports Writing an attribute of DataType Enum</feature>
			<reference>32. PICS Definition - index.html[pdf]</reference>
			<status>O</status>
			<support>false</support>
		</picsItem>
		<picsItem>
			<itemNumber>MCORE.IDM.C.WriteRequest.Attribute.DataType_Bitmap</itemNumber>
			<feature>Is the device a Client and supports Writing an attribute of DataType Bitmap</feature>
			<reference>32. PICS Definition - index.html[pdf]</reference>
			<status>O</status>
			<support>false</support>
		</picsItem>
		<picsItem>
			<itemNumber>MCORE.IDM.S.Attribute_W.DataType_Bool</itemNumber>
			<feature>Is the device a Server and supports a writable attribute of DataType Bool</feature>
			<reference>32. PICS Definition - index.html[pdf]</reference>
			<status>O</status>
			<support>true</support>
		</picsItem>
		<picsItem>
			<itemNumber>MCORE.IDM.S.Attribute_W.DataType_String</itemNumber>
			<feature>Is the device a Server and supports a writable attribute of DataType String</feature>
			<reference>32. PICS Definition - index.html[pdf]</reference>
			<status>O</status>
			<support>true</support>
		</picsItem>
		<picsItem>
			<itemNumber>MCORE.IDM.S.Attribute_W.DataType_UnsignedInteger</itemNumber>
			<feature>Is the device a Server and supports a writable attribute of DataType UnsignedInteger</feature>
			<reference>32. PICS Definition - index.html[pdf]</reference>
			<status>O</status>
			<support>true</support>
		</picsItem>
		<picsItem>
			<itemNumber>MCORE.IDM.S.Attribute_W.DataType_SignedInteger</itemNumber>
			<feature>Is the device a Server and supports a writable attribute of DataType SignedInteger</feature>
			<reference>32. PICS Definition - index.html[pdf]</reference>
			<status>O</status>
			<support>true</support>
		</picsItem>
		<picsItem>
			<itemNumber>MCORE.IDM.S.Attribute_W.DataType_Struct</itemNumber>
			<feature>Is the device a Server and supports a writable attribute of DataType Struct</feature>
			<reference>32. PICS Definition - index.html[pdf]</reference>
			<status>O</status>
			<support>true</support>
		</picsItem>
		<picsItem>
			<itemNumber>MCORE.IDM.S.Attribute_W.DataType_FloatingPoint</itemNumber>
			<feature>Is the device a Server and supports a writable attribute of DataType FloatingPoint</feature>
			<reference>32. PICS Definition - index.html[pdf]</reference>
			<status>O</status>
			<support>true</support>
		</picsItem>
		<picsItem>
			<itemNumber>MCORE.IDM.S.Attribute_W.DataType_List</itemNumber>
			<feature>Is the device a Server and supports a writable attribute of DataType List</feature>
			<reference>32. PICS Definition - index.html[pdf]</reference>
			<status>O</status>
			<support>true</support>
		</picsItem>
		<picsItem>
			<itemNumber>MCORE.IDM.S.Attribute_W.DataType_OctetString</itemNumber>
			<feature>Is the device a Server and supports a writable attribute of DataType OctetString</feature>
			<reference>32. PICS Definition - index.html[pdf]</reference>
			<status>O</status>
			<support>true</support>
		</picsItem>
		<picsItem>
			<itemNumber>MCORE.IDM.S.Attribute_W.DataType_Enum</itemNumber>
			<feature>Is the device a Server and supports a writable attribute of DataType Enum</feature>
			<reference>32. PICS Definition - index.html[pdf]</reference>
			<status>O</status>
			<support>true</support>
		</picsItem>
		<picsItem>
			<itemNumber>MCORE.IDM.S.Attribute_W.DataType_Bitmap</itemNumber>
			<feature>Is the device a Server and supports a writable attribute of DataType Bitmap</feature>
			<reference>32. PICS Definition - index.html[pdf]</reference>
			<status>O</status>
			<support>true</support>
		</picsItem>
		<picsItem>
			<itemNumber>MCORE.IDM.C.SubscribeRequest.Attribute.DataType_Bool</itemNumber>
			<feature>Is the device a Client and supports subscribing to an attribute of DataType Bool</feature>
			<reference>32. PICS Definition - index.html[pdf]</reference>
			<status>O</status>
			<support>false</support>
		</picsItem>
		<picsItem>
			<itemNumber>MCORE.IDM.C.SubscribeRequest.Attribute.DataType_String</itemNumber>
			<feature>Is the device a Client and supports subscribing to an attribute of DataType String</feature>
			<reference>32. PICS Definition - index.html[pdf]</reference>
			<status>O</status>
			<support>false</support>
		</picsItem>
		<picsItem>
			<itemNumber>MCORE.IDM.C.SubscribeRequest.Attribute.DataType_UnsignedInteger</itemNumber>
			<feature>Is the device a Client and supports subscribing to an attribute of DataType UnsignedInteger</feature>
			<reference>32. PICS Definition - index.html[pdf]</reference>
			<status>O</status>
			<support>false</support>
		</picsItem>
		<picsItem>
			<itemNumber>MCORE.IDM.C.SubscribeRequest.Attribute.DataType_Integer</itemNumber>
			<feature>Is the device a Client and supports subscribing to an attribute of DataType Integer</feature>
			<reference>32. PICS Definition - index.html[pdf]</reference>
			<status>O</status>
			<support>false</support>
		</picsItem>
		<picsItem>
			<itemNumber>MCORE.IDM.C.SubscribeRequest.Attribute.DataType_FloatingPoint</itemNumber>
			<feature>Is the device a Client and supports subscribing to an attribute of DataType FloatingPoint</feature>
			<reference>32. PICS Definition - index.html[pdf]</reference>
			<status>O</status>
			<support>false</support>
		</picsItem>
		<picsItem>
			<itemNumber>MCORE.IDM.C.SubscribeRequest.Attribute.DataType_List</itemNumber>
			<feature>Is the device a Client and supports subscribing to an attribute of DataType List</feature>
			<reference>32. PICS Definition - index.html[pdf]</reference>
			<status>O</status>
			<support>false</support>
		</picsItem>
		<picsItem>
			<itemNumber>MCORE.IDM.S.LargeData</itemNumber>
			<feature>Is the device a Server and capable of generating large data which is greater than 1 MTU(1280 bytes)</feature>
			<reference>32. PICS Definition - index.html[pdf]</reference>
			<status>O</status>
			<support>false</support>
		</picsItem>
		<picsItem>
			<itemNumber>MCORE.IDM.C.SubscribeEvent</itemNumber>
			<feature>Is the device a Client and supports subscribing to an individual Event</feature>
			<reference>32. PICS Definition - index.html[pdf]</reference>
			<status>O</status>
			<support>false</support>
		</picsItem>
		<picsItem>
			<itemNumber>MCORE.IDM.C.ReadEvent</itemNumber>
			<feature>Is the device a Client and supports Reading an individual Event</feature>
			<reference>32. PICS Definition - index.html[pdf]</reference>
			<status>O</status>
			<support>false</support>
		</picsItem>
		<picsItem>
			<itemNumber>MCORE.IDM.C.SubscribeRequest.MultipleAttributes</itemNumber>
			<feature>Is the device a client and supports subscribing to Multiple Attributes</feature>
			<reference>32. PICS Definition - index.html[pdf]</reference>
			<status>O</status>
			<support>false</support>
		</picsItem>
		<picsItem>
			<itemNumber>MCORE.IDM.S.PersistentSubscription</itemNumber>
			<feature>Is the device a Server and supports Persistent subscription</feature>
			<reference>32. PICS Definition - index.html[pdf]</reference>
			<status>O</status>
			<support>true</support>
		</picsItem>
		<picsItem>
			<itemNumber>MCORE.BRIDGE</itemNumber>
			<feature>Does the DUT implement a Bridge</feature>
			<reference>40.1. DUT server - index.html[pdf]</reference>
			<status>O</status>
			<support>false</support>
		</picsItem>
		<picsItem>
			<itemNumber>MCORE.BRIDGE.BatInfo</itemNumber>
			<feature>Does the DUT have information on battery level of (at least some of) of its bridged devices</feature>
			<reference>40.1. DUT server - index.html[pdf]</reference>
			<status cond="MCORE.BRIDGE">O</status>
			<support>false</support>
		</picsItem>
		<picsItem>
			<itemNumber>MCORE.BRIDGE.OtherControl</itemNumber>
			<feature>Does the DUT have means to change the state of (at least some of) of its bridged devices, e.g. through a manufacturer-provided app</feature>
			<reference>40.1. DUT server - index.html[pdf]</reference>
			<status cond="MCORE.BRIDGE">O</status>
			<support>false</support>
		</picsItem>
		<picsItem>
			<itemNumber>MCORE.BRIDGE.AllowDeviceRename</itemNumber>
			<feature>Does the DUT have means to change the name of (at least some of) of its bridged devices, e.g. through a manufacturer-provided app</feature>
			<reference>40.1. DUT server - index.html[pdf]</reference>
			<status cond="MCORE.BRIDGE">O</status>
			<support>false</support>
		</picsItem>
		<picsItem>
			<itemNumber>MCORE.BRIDGECLIENT</itemNumber>
			<feature>Does the DUT support a Bridge</feature>
			<reference>40.2. DUT client - index.html[pdf]</reference>
			<status>O</status>
			<support>false</support>
		</picsItem>
		<picsItem>
			<itemNumber>MCORE.DEVLIST.UseDevices</itemNumber>
			<feature>Does the DUT support to maintain a list of connected devices</feature>
			<reference>40.2. DUT client - index.html[pdf]</reference>
			<status>O</status>
			<support>false</support>
		</picsItem>
		<picsItem>
			<itemNumber>MCORE.DEVLIST.UseDeviceName</itemNumber>
			<feature>Does the DUT support to maintain the names of connected devices</feature>
			<reference>40.2. DUT client - index.html[pdf]</reference>
			<status>O</status>
			<support>false</support>
		</picsItem>
		<picsItem>
			<itemNumber>MCORE.DEVLIST.UseDeviceState</itemNumber>
			<feature>Does the DUT support to maintain the state of connected devices</feature>
			<reference>40.2. DUT client - index.html[pdf]</reference>
			<status>O</status>
			<support>false</support>
		</picsItem>
		<picsItem>
			<itemNumber>MCORE.DEVLIST.UseBatInfo</itemNumber>
			<feature>Does the DUT support maintaining information on battery level of connected devices</feature>
			<reference>40.2. DUT client - index.html[pdf]</reference>
			<status>O</status>
			<support>false</support>
		</picsItem>
		<picsItem>
			<itemNumber>MCORE.BDX.Sender</itemNumber>
			<feature>Does the DUT support the BDX Sender role?</feature>
			<reference>43. PICS Definition - index.html[pdf]</reference>
			<status>O</status>
			<support>false</support>
		</picsItem>
		<picsItem>
			<itemNumber>MCORE.BDX.Receiver</itemNumber>
			<feature>Does the DUT support the BDX Receiver role?</feature>
			<reference>43. PICS Definition - index.html[pdf]</reference>
			<status>O</status>
			<support>true</support>
		</picsItem>
		<picsItem>
			<itemNumber>MCORE.BDX.SynchronousSender</itemNumber>
			<feature>Does the DUT support the BDX Sender role in Synchronous mode?</feature>
			<reference>43. PICS Definition - index.html[pdf]</reference>
			<status>O</status>
			<support>false</support>
		</picsItem>
		<picsItem>
			<itemNumber>MCORE.BDX.SynchronousReceiver</itemNumber>
			<feature>Does the DUT support the BDX Receiver role in Synchronous mode?</feature>
			<reference>43. PICS Definition - index.html[pdf]</reference>
			<status>O</status>
			<support>true</support>
		</picsItem>
		<picsItem>
			<itemNumber>MCORE.BDX.AsynchronousSender</itemNumber>
			<feature>Does the DUT support the BDX Sender role in Asynchronous mode?</feature>
			<reference>43. PICS Definition - index.html[pdf]</reference>
			<status>O</status>
			<support>false</support>
		</picsItem>
		<picsItem>
			<itemNumber>MCORE.BDX.AsynchronousReceiver</itemNumber>
			<feature>Does the DUT support the BDX Receiver role in Asynchronous mode?</feature>
			<reference>43. PICS Definition - index.html[pdf]</reference>
			<status>O</status>
			<support>false</support>
		</picsItem>
		<picsItem>
			<itemNumber>MCORE.BDX.Driver</itemNumber>
			<feature>Does the DUT control the rate of the BDX transfer ?</feature>
			<reference>43. PICS Definition - index.html[pdf]</reference>
			<status>O</status>
			<support>true</support>
		</picsItem>
		<picsItem>
			<itemNumber>MCORE.BDX.Initiator</itemNumber>
			<feature>Is the DUT an Initiator of the BDX transfer?</feature>
			<reference>43. PICS Definition - index.html[pdf]</reference>
			<status>O</status>
			<support>true</support>
		</picsItem>
		<picsItem>
			<itemNumber>MCORE.BDX.Responder</itemNumber>
			<feature>Is the DUT a Responder of the BDX transfer?</feature>
			<reference>43. PICS Definition - index.html[pdf]</reference>
			<status>O</status>
			<support>false</support>
		</picsItem>
		<picsItem>
			<itemNumber>MCORE.BDX.BlockQueryWithSkip</itemNumber>
			<feature>Does the DUT support sending the BlockQueryWithSkip message?</feature>
			<reference>43. PICS Definition - index.html[pdf]</reference>
			<status>O</status>
			<support>true</support>
		</picsItem>
		<picsItem>
			<itemNumber>MCORE.OTA.Requestor</itemNumber>
			<feature>Does the DUT implement the OTA Requestor Device Type?</feature>
			<reference>46. PICS Definition - index.html[pdf]</reference>
			<status>O</status>
			<support>true</support>
		</picsItem>
		<picsItem>
			<itemNumber>MCORE.OTA.Provider</itemNumber>
			<feature>Does the DUT implement the OTA Provider Device Type?</feature>
			<reference>46. PICS Definition - index.html[pdf]</reference>
			<status>O</status>
			<support>false</support>
		</picsItem>
		<picsItem>
			<itemNumber>MCORE.OTA.HTTPS</itemNumber>
			<feature>Does the DUT support the HTTPS Protocol for OTA image download?</feature>
			<reference>46. PICS Definition - index.html[pdf]</reference>
			<status>O</status>
			<support>false</support>
		</picsItem>
		<picsItem>
			<itemNumber>MCORE.OTA.RequestorConsent</itemNumber>
			<feature>Does the DUT support obtaining user consent for OTA application by virtue of built-in user interface capabilities?</feature>
			<reference>46. PICS Definition - index.html[pdf]</reference>
			<status>O</status>
			<support>false</support>
		</picsItem>
		<picsItem>
			<itemNumber>MCORE.OTA.Resume</itemNumber>
			<feature>Does the DUT support resumption of a transfer previously aborted?</feature>
			<reference>46. PICS Definition - index.html[pdf]</reference>
			<status>O</status>
			<support>true</support>
		</picsItem>
		<picsItem>
			<itemNumber>MCORE.OTA.VendorSpecific</itemNumber>
			<feature>Does the DUT support Vendor specific OTA implementation?</feature>
			<reference>46. PICS Definition - index.html[pdf]</reference>
			<status cond="MCORE.ROLE.COMMISSIONEE  AND  NOT (MCORE.OTA.Requestor)">M</status>
			<support>true</support>
		</picsItem>
		<picsItem>
			<itemNumber>MCORE.ACL.Administrator</itemNumber>
			<feature>Does the DUT have Administer privilege over the Access Control of another node?</feature>
			<reference>46. PICS Definition - index.html[pdf]</reference>
			<status>O</status>
			<support>false</support>
		</picsItem>
		<picsItem>
			<itemNumber>MCORE.OTA.Retry</itemNumber>
			<feature>Does the Requestor DUT support querying a different Provider in its OTA Provider List when it hits error conditions in invoking the QueryImage command?</feature>
			<reference>46. PICS Definition - index.html[pdf]</reference>
			<status>O</status>
			<support>false</support>
		</picsItem>
		<picsItem>
			<itemNumber>MCORE.FS</itemNumber>
			<feature>Does the DUT implement Fabric Synchronization</feature>
			<reference>63.1. DUT server - index.html[pdf]</reference>
			<status>O</status>
			<support>false</support>
		</picsItem>
		<picsItem>
			<itemNumber>MCORE.SM.S</itemNumber>
			<feature>Is the device a Server</feature>
			<reference>71. PICS Definition - index.html[pdf]</reference>
			<status>O</status>
			<support>true</support>
		</picsItem>
		<picsItem>
			<itemNumber>MCORE.DT.S</itemNumber>
			<feature>Is the device a Server</feature>
			<reference>74. PICS Definition - index.html[pdf]</reference>
			<status>O</status>
			<support>true</support>
		</picsItem>
		<picsItem>
			<itemNumber>MCORE.G.MULTIENDPOINT</itemNumber>
			<feature>DUT(Server) support multiple endpoints with a Groups cluster</feature>
			<reference>144.1. Role - allclusters.html[pdf]</reference>
			<status>O</status>
			<support>false</support>
		</picsItem></pics>
	</generalPICS>
