<?xml version="1.0" encoding="utf-8"?><!--
Autogenerated xml file - Version No:V_41_1_4_2_SVE
Generated date:2025-06-02 15:18:59
Cluster Name -Group Communication
XML PICS -Ref Document:
version master 4923a8e36,
Draft
2025-06-02 11:30:42 +0530
--><clusterPICS xmlns:xsi="http://www.w3.org/2001/XMLSchema-instance" xsi:noNamespaceSchemaLocation="Generic-PICS-XML-Schema.xsd">
	<!--General cluster information-->
	<name>Group Communication</name>
	<clusterId> </clusterId>
	<picsRoot> </picsRoot>
	<!--Cluster role information-->
	<usage>
		<picsItem>
			<itemNumber>G.S</itemNumber>
			<feature>Does the device implement the Groups Cluster as a server?</feature>
			<reference>26.1. Role - index.html[pdf]</reference>
			<status>O</status>
			<support>false</support>
		</picsItem>
		<picsItem>
			<itemNumber>G.C</itemNumber>
			<feature>Does the device implement the Groups Cluster as a client?</feature>
			<reference>26.1. Role - index.html[pdf]</reference>
			<status>O</status>
			<support>false</support>
		</picsItem>
		<picsItem>
			<itemNumber>GRPKEY.S</itemNumber>
			<feature>Does the device implement the Group Key Management Cluster as a server?</feature>
			<reference>26.1. Role - index.html[pdf]</reference>
			<status>O</status>
			<support>true</support>
		</picsItem>
		<picsItem>
			<itemNumber>GRPKEY.C</itemNumber>
			<feature>Does the device implement the Group Key Management Cluster as a client?</feature>
			<reference>26.1. Role - index.html[pdf]</reference>
			<status>O</status>
			<support>false</support>
		</picsItem>
	</usage>
	<!--PIXIT-->
	<pixit>
		<pixitItem>
			<itemNumber>PIXIT.G.ENDPOINT</itemNumber>
			<feature>Endpoint supported for Groups cluster is given by the DUT Manufacturer</feature>
			<reference>27. PIXIT Definition - index.html[pdf]</reference>
			<status cond="G.S">M</status>
			<support>n/a</support>
		</pixitItem>
	</pixit>
	<!--Server side PICS-->
	<clusterSide type="Server">
		<!--Attributes PICS write-->
		<attributes>
			<picsItem>
				<itemNumber>GRPKEY.S.A0000</itemNumber>
				<feature>Does the device implement the GroupKeyMap attribute?</feature>
				<reference>26.2.2. Attributes - index.html[pdf]</reference>
				<status cond="GRPKEY.S">M</status>
				<support>true</support>
			</picsItem>
			<picsItem>
				<itemNumber>GRPKEY.S.A0001</itemNumber>
				<feature>Does the device implement the GroupTable attribute?</feature>
				<reference>26.2.2. Attributes - index.html[pdf]</reference>
				<status cond="GRPKEY.S">M</status>
				<support>true</support>
			</picsItem>
			<picsItem>
				<itemNumber>GRPKEY.S.A0002</itemNumber>
				<feature>Does the device implement the MaxGroupsPerFabric attribute?</feature>
				<reference>26.2.2. Attributes - index.html[pdf]</reference>
				<status cond="GRPKEY.S">M</status>
				<support>true</support>
			</picsItem>
			<picsItem>
				<itemNumber>GRPKEY.S.A0003</itemNumber>
				<feature>Does the device implement the MaxGroupKeysPerFabric attribute?</feature>
				<reference>26.2.2. Attributes - index.html[pdf]</reference>
				<status cond="GRPKEY.S">M</status>
				<support>true</support>
			</picsItem>
		</attributes>
		<!--Events PICS write-->
		<events/>
		<!--Commands generated PICS write-->
		<commandsGenerated>
			<picsItem>
				<itemNumber>GRPKEY.S.C02.Tx</itemNumber>
				<feature>Does the device implement transmitting of the KeySetReadResponse command?</feature>
				<reference>26.2.4. Commands generated - index.html[pdf]</reference>
				<status cond="GRPKEY.S">M</status>
				<support>true</support>
			</picsItem>
			<picsItem>
				<itemNumber>GRPKEY.S.C05.Tx</itemNumber>
				<feature>Does the device implement transmitting of the KeySetReadAllIndicesResponse command?</feature>
				<reference>26.2.4. Commands generated - index.html[pdf]</reference>
				<status cond="GRPKEY.S">M</status>
				<support>true</support>
			</picsItem>
		</commandsGenerated>
		<!--Commands received PICS write-->
		<commandsReceived>
			<picsItem>
				<itemNumber>GRPKEY.S.C00.Rsp</itemNumber>
				<feature>Does the device implement the KeySetWrite command?</feature>
				<reference>26.2.3. Commands received - index.html[pdf]</reference>
				<status cond="GRPKEY.S">M</status>
				<support>true</support>
			</picsItem>
			<picsItem>
				<itemNumber>GRPKEY.S.C01.Rsp</itemNumber>
				<feature>Does the device implement the KeySetRead command?</feature>
				<reference>26.2.3. Commands received - index.html[pdf]</reference>
				<status cond="GRPKEY.S">M</status>
				<support>true</support>
			</picsItem>
			<picsItem>
				<itemNumber>GRPKEY.S.C03.Rsp</itemNumber>
				<feature>Does the device implement the KeySetRemove command?</feature>
				<reference>26.2.3. Commands received - index.html[pdf]</reference>
				<status cond="GRPKEY.S">M</status>
				<support>true</support>
			</picsItem>
			<picsItem>
				<itemNumber>GRPKEY.S.C04.Rsp</itemNumber>
				<feature>Does the device implement the KeySetReadAllIndices command?</feature>
				<reference>26.2.3. Commands received - index.html[pdf]</reference>
				<status cond="GRPKEY.S">M</status>
				<support>true</support>
			</picsItem>
			<picsItem>
				<itemNumber>G.S.C00.Rsp</itemNumber>
				<feature>Does the device implement the AddGroup Command?</feature>
				<reference>26.2.3. Commands received - index.html[pdf]</reference>
				<status cond="G.S">M</status>
				<support>false</support>
			</picsItem>
			<picsItem>
				<itemNumber>G.S.C01.Rsp</itemNumber>
				<feature>Does the device implement the ViewGroup Command?</feature>
				<reference>26.2.3. Commands received - index.html[pdf]</reference>
				<status cond="G.S">M</status>
				<support>false</support>
			</picsItem>
			<picsItem>
				<itemNumber>G.S.C04.Rsp</itemNumber>
				<feature>Does the device implement the RemoveAllGroups Command?</feature>
				<reference>26.2.3. Commands received - index.html[pdf]</reference>
				<status cond="G.S">M</status>
				<support>false</support>
			</picsItem>
		</commandsReceived>
		<!--Features PICS write-->
		<features>
			<picsItem>
				<itemNumber>G.S.F00</itemNumber>
				<feature>Does the DUT(Server) support Group Names feature?</feature>
				<reference>26.2.1. Features - index.html[pdf]</reference>
				<status cond="G.S">O</status>
				<support>false</support>
			</picsItem>
			<picsItem>
				<itemNumber>GRPKEY.S.F00</itemNumber>
				<feature>Does the DUT(Server) support CacheAndSync security policy and MCSP feature?</feature>
				<reference>26.2.1. Features - index.html[pdf]</reference>
				<status cond="GRPKEY.S">O</status>
				<support>false</support>
			</picsItem>
		</features>
		<!--Manual controllable PICS write-->
		<manually/>
	</clusterSide>
	<!--Client side PICS-->
	<clusterSide type="Client">
		<!--Attributes PICS write-->
		<attributes>
			<picsItem>
				<itemNumber>GRPKEY.C.A0000</itemNumber>
				<feature>Does the DUT(client) have access privileges for the GroupKeyMap attribute implemented on the server?</feature>
				<reference>26.3.1. Attributes - index.html[pdf]</reference>
				<status cond="GRPKEY.C">O</status>
				<support>false</support>
			</picsItem>
			<picsItem>
				<itemNumber>GRPKEY.C.A0001</itemNumber>
				<feature>Does the DUT(client) have access privileges for the GroupKeyTable attribute implemented on the server?</feature>
				<reference>26.3.1. Attributes - index.html[pdf]</reference>
				<status cond="GRPKEY.C">O</status>
				<support>false</support>
			</picsItem>
		</attributes>
		<!--Events PICS write-->
		<events/>
		<!--Commands generated PICS write-->
		<commandsGenerated>
			<picsItem>
				<itemNumber>G.C.C00.Tx</itemNumber>
				<feature>Does the DUT(Client) implement sending AddGroup Command?</feature>
				<reference>26.3.2. Commands generated - index.html[pdf]</reference>
				<status cond="G.C">O</status>
				<support>false</support>
			</picsItem>
			<picsItem>
				<itemNumber>G.C.C01.Tx</itemNumber>
				<feature>Does the DUT(Client) implement sending ViewGroup Command?</feature>
				<reference>26.3.2. Commands generated - index.html[pdf]</reference>
				<status cond="G.C">O</status>
				<support>false</support>
			</picsItem>
			<picsItem>
				<itemNumber>GRPKEY.C.C00.Tx</itemNumber>
				<feature>Does the DUT(Client) implement sending KeySetWrite Command?</feature>
				<reference>26.3.2. Commands generated - index.html[pdf]</reference>
				<status cond="GRPKEY.C">O</status>
				<support>false</support>
			</picsItem>
			<picsItem>
				<itemNumber>GRPKEY.C.C01.Tx</itemNumber>
				<feature>Does the DUT(Client) implement sending KeySetRead Command?</feature>
				<reference>26.3.2. Commands generated - index.html[pdf]</reference>
				<status cond="GRPKEY.C">O</status>
				<support>false</support>
			</picsItem>
			<picsItem>
				<itemNumber>GRPKEY.C.C03.Tx</itemNumber>
				<feature>Does the DUT(Client) implement sending KeySetRemove Command?</feature>
				<reference>26.3.2. Commands generated - index.html[pdf]</reference>
				<status cond="GRPKEY.C">O</status>
				<support>false</support>
			</picsItem>
			<picsItem>
				<itemNumber>GRPKEY.C.C04.Tx</itemNumber>
				<feature>Does the DUT(Client) implement sending KeySetReadAllIndices Command?</feature>
				<reference>26.3.2. Commands generated - index.html[pdf]</reference>
				<status cond="GRPKEY.C">O</status>
				<support>false</support>
			</picsItem>
		</commandsGenerated>
		<!--Commands received PICS write-->
		<commandsReceived/>
		<!--Features PICS write-->
		<features/>
		<!--Manual controllable PICS write-->
		<manually/>
	</clusterSide>
</clusterPICS>